Area,Bedrooms,Age,Price
984,2,10,2925752
1619,3,6,4943348
1301,2,7,3865002
1994,4,3,6512509
1998,4,3,6585211
1905,3,3,5930123
1013,2,10,2982743
1279,2,7,3886357
1478,3,5,4388361
1223,2,8,3533512
2191,4,2,7231821
3470,4,12,9117747
1609,3,6,4705349
1610,3,6,4896246
1268,2,7,3766547
1605,3,6,4773272
2215,4,2,7126932
1208,2,8,3434953
1913,3,3,6024128
1970,4,3,6433490
2207,4,2,7244264
1994,4,3,6460359
1490,3,5,4427468
3518,4,12,8968440
1631,3,6,4820133
1338,2,7,3783416
2028,4,3,6502046
1898,3,3,6041629
2207,4,2,7264722
2016,4,3,6481458
2003,4,3,6437562
1503,3,5,4504550
1217,2,8,3528142
2499,4,1,8412658
1885,3,3,5946747
991,2,10,2956997
1913,3,3,5987574
1900,3,3,5954495
1807,3,4,5542277
2514,4,1,8404023
1192,2,8,3405543
1616,3,6,4780036
1308,2,7,3789497
1774,3,4,5413021
1030,2,10,2963720
3489,4,12,8976020
1965,4,3,6476483
1878,3,3,6009082
1279,2,7,3760442
1601,3,6,4888365
1594,3,6,4829192
1493,3,5,4451740
2013,4,3,6505651
2207,4,2,7207415
2207,4,2,7272633
1009,2,10,2964101
2513,4,1,8545882
1156,2,8,3502503
1592,3,6,4889186
1254,2,7,3877187
3501,4,12,9011778
1600,3,6,4784317
2022,4,3,6530292
3525,4,12,8989210
2004,4,3,6600472
1789,3,4,5504692
1910,3,3,5975745
1989,4,3,6472518
1000,2,10,2927468
2221,4,2,7233279
1588,3,6,4750968
1517,3,5,4565662
2214,4,2,7122691
1180,2,8,3507608
1321,2,7,3868776
2215,4,2,7071309
1802,3,4,5620680
1484,3,5,4474571
2482,4,1,8508437
1289,2,7,3834169
3511,4,12,9043418
1980,4,3,6516377
1209,2,8,3559637
1874,3,3,6031037
2496,4,1,8605290
1302,2,7,3831232
1251,2,8,3617473
1771,3,4,5553879
1631,3,6,4692027
1903,3,3,6156128
2009,4,3,6465658
1602,3,6,4889424
1909,3,3,6001602
1997,4,3,6563447
1931,3,3,5958833
1790,3,4,5537416
1524,3,5,4484861
1286,2,7,3894414
1299,2,7,3826230
1177,2,8,3555964
1910,3,3,5870602
1530,3,5,4494883
1598,3,6,4824548
996,2,10,3013371
1577,3,6,4857471
1595,3,6,4778121
1566,3,6,4802917
1281,2,7,3870630
2205,4,2,7063749
1328,2,7,3835239
1859,3,4,5480036
1588,3,6,4745449
2530,4,1,8520123
2205,4,2,7273394
2197,4,2,7262134
2509,4,1,8491921
1001,2,10,3052364
1202,2,8,3551905
1491,3,5,4494776
1171,2,8,3458558
1967,4,3,6462017
1314,2,7,3850098
1294,2,7,3797480
2187,4,2,7137445
1900,3,3,5899256
2517,4,1,8549738
1004,2,10,2967306
1586,3,6,4819755
2526,4,1,8574127
2533,4,1,8421735
2510,4,1,8497301
2520,4,1,8489794
1026,2,10,3022706
2524,4,1,8574094
1613,3,6,4720507
1813,3,4,5534070
2511,4,1,8561679
977,2,10,2988856
1815,3,4,5491782
1971,4,3,6525021
3483,4,12,9020618
1527,3,5,4534821
1818,3,4,5533561
2031,4,3,6441284
3494,4,12,9059212
1876,3,3,6069766
995,2,10,3011127
1502,3,5,4410659
1902,3,3,5993139
1024,2,10,3011624
1892,3,3,5931560
1807,3,4,5478466
3479,4,12,8915729
1809,3,4,5536312
2000,4,3,6509923
1284,2,7,3701592
1195,2,8,3521015
2496,4,1,8496621
2194,4,2,7230878
1637,3,6,4776589
3498,4,12,8952077
1295,2,7,3753908
1956,4,3,6467821
1981,4,3,6501126
1994,4,3,6508847
1586,3,6,4788596
1829,3,4,5474688
1197,2,8,3478988
1827,3,4,5649946
1001,2,10,2953915
1201,2,8,3466637
998,2,10,3196952
1600,3,6,4825174
1336,2,7,3717486
1251,2,7,3850387
2158,4,2,7145585
1289,2,7,3854356
1200,2,8,3487386
1915,3,3,5973703
2210,4,2,7296218
3492,4,12,9033867
1221,2,8,3558179
2222,4,2,7226005
1304,2,7,3773425
2220,4,2,7236555
2006,4,3,6572304
1188,2,8,3508056
2015,4,3,6607727
1502,3,5,4550854
1800,3,4,5512675
1331,2,7,3815037
2448,4,1,8508206
2470,4,1,8425184
1775,3,4,5494614
3492,4,12,9013226
995,2,10,2975121
1768,3,4,5520191
1179,2,8,3501274
1782,3,4,5546262
3552,4,12,9039650
2038,4,3,6509995
1891,3,3,5918249
2192,4,2,7307074
1276,2,7,3791516
2160,4,2,7195163
1498,3,5,4479519
1579,3,6,4770796
3498,4,12,9092325
1466,3,5,4582877
1584,3,6,4826572
1503,3,5,4493572
1308,2,7,3837019
1609,3,6,4804413
1972,4,3,6488626
1618,3,6,4820217
1483,3,5,4473622
1013,2,10,3015084
1200,2,8,3512211
1971,4,3,6536052
1893,3,3,5962979
1208,2,8,3542462
2213,4,2,7145808
1297,2,7,3765764
1532,3,5,4468374
1321,2,7,3735898
1795,3,4,5560730
1616,3,6,4742057
2541,4,1,8458209
2541,4,1,8575066
1174,2,8,3465883
2180,4,2,7188750
1931,3,3,5939487
978,2,10,3049805
1572,3,6,4850630
2190,4,2,7244184
1309,2,7,3832141
1298,2,7,3804400
1986,4,3,6468646
1786,3,4,5451270
2485,4,1,8577128
1181,2,8,3545731
2548,4,1,8458545
1206,2,8,3502382
1319,2,7,3782055
2490,4,1,8432540
996,2,10,3010622
1585,3,6,4775156
1944,4,3,6443044
1571,3,6,4711557
962,2,10,2906494
1153,2,8,3477791
2175,4,2,7194912
1528,3,5,4447662
1799,3,4,5538910
1327,2,7,3796081
1209,2,8,3534494
1316,2,7,3789063
1181,2,8,3452935
1211,2,8,3506824
2515,4,1,8424500
1588,3,6,4832255
1212,2,8,3443964
1812,3,4,5554905
3488,4,12,8979762
3476,4,12,9063533
2475,4,1,8432874
2002,4,3,6459474
1807,3,4,5522778
2483,4,1,8569988
2501,4,1,8599653
1812,3,4,5502473
1013,2,10,3109886
1233,2,8,3482680
3527,4,12,9065699
1979,4,3,6443663
2235,4,2,7225125
2189,4,2,7059981
1622,3,6,4732936
1001,2,10,3027904
991,2,10,2921524
1762,3,4,5525529
2196,4,2,7254201
1267,2,7,3770024
2220,4,2,7142063
2032,4,3,6471647
3483,4,12,8942250
1206,2,8,3493948
2485,4,1,8506104
2187,4,2,7181703
2216,4,2,7300116
1599,3,6,4756984
1537,3,5,4583199
3490,4,12,8937740
1821,3,4,5504352
2202,4,2,7270742
2217,4,2,7267648
1891,3,3,5974871
1999,4,3,6533190
1798,3,4,5525184
982,2,10,2967715
2014,4,3,6536830
1914,3,3,6111365
1012,2,10,3028205
1932,3,3,6033865
2231,4,2,7240191
1192,2,8,3412643
1808,3,4,5527519
2487,4,1,8439204
1800,3,4,5464728
1187,2,8,3629271
1334,2,7,3784857
1308,2,7,3755742
1195,2,8,3568917
1825,3,4,5443335
1454,3,5,4473247
1258,2,7,3874685
1617,3,6,4802557
1301,2,7,3706626
3505,4,12,9032527
1572,3,6,4776294
1800,3,4,5592073
1242,2,8,3463754
2517,4,1,8562857
3504,4,12,9106176
3491,4,12,8949119
1492,3,5,4488447
1455,3,5,4523237
1005,2,10,2948736
1218,2,8,3516162
2467,4,1,8486551
2486,4,1,8485346
1976,4,3,6502926
1780,3,4,5504261
1901,3,3,6009799
2156,4,2,7164194
1613,3,6,4766804
3516,4,12,8992909
1795,3,4,5497324
1448,3,5,4473760
3479,4,12,9019370
2526,4,1,8391489
1742,3,4,5456323
2493,4,1,8483262
2175,4,2,7148810
1917,3,3,6097416
1486,3,5,4501128
3509,4,12,9010570
3512,4,12,8971106
1239,2,8,3499057
1196,2,8,3427335
2208,4,2,7189846
969,2,10,2943973
1825,3,4,5483413
1984,4,3,6346933
3488,4,12,8932552
3500,4,12,9087534
1167,2,8,3549653
1905,3,3,6078870
1220,2,8,3582977
1606,3,6,4840240
1867,3,3,5972921
1897,3,3,5937979
1516,3,5,4568568
1860,3,3,6003861
1177,2,8,3649127
2218,4,2,7178169
2206,4,2,7317967
1809,3,4,5490625
1039,2,10,3079887
1610,3,6,4901452
1814,3,4,5438834
1357,2,7,3771000
1995,4,3,6438234
1983,4,3,6426457
1909,3,3,6039886
1209,2,8,3488243
1589,3,6,4803131
1578,3,6,4833260
2049,4,3,6388940
1507,3,5,4576941
985,2,10,2979126
3519,4,12,9031834
3498,4,12,9037115
1495,3,5,4581965
1012,2,10,2993730
1173,2,8,3373020
1007,2,10,3003416
1940,3,3,6012001
1910,3,3,5938158
1192,2,8,3508819
1589,3,6,4778413
1191,2,8,3419712
1995,4,3,6540151
2492,4,1,8466293
1319,2,7,3775701
1864,3,3,5972341
1018,2,10,3073874
1492,3,5,4497553
1808,3,4,5504730
1776,3,4,5473653
3528,4,12,9027677
1626,3,6,4880681
1820,3,4,5538738
3468,4,12,9041070
2217,4,2,7236249
2209,4,2,7117470
1966,4,3,6447614
1199,2,8,3487743
3508,4,12,8956598
1012,2,10,2936347
1204,2,8,3388056
1506,3,5,4419486
1831,3,4,5484661
1226,2,8,3495849
940,2,10,2952580
1293,2,7,3804719
3497,4,12,8974059
1163,2,8,3565209
1802,3,4,5490336
2226,4,2,7241636
3477,4,12,9012151
1307,2,7,3716165
1581,3,6,4794579
2486,4,1,8426117
2031,4,3,6493535
1489,3,5,4455446
1910,3,3,6022839
1561,3,6,4719736
1039,2,10,3000879
1313,2,7,3834227
996,2,10,3054269
1612,3,6,4754308
1870,3,3,6001061
1225,2,8,3511011
1993,4,3,6592508
1196,2,8,3411426
2490,4,1,8445522
3488,4,12,9167689
1015,2,10,2983670
2005,4,3,6386930
3514,4,12,8965167
1800,3,4,5334439
1211,2,8,3514406
2191,4,2,7248420
2247,4,2,7145488
1267,2,7,3771854
1827,3,4,5555229
3529,4,12,8895348
2182,4,2,7120978
1847,3,4,5486360
3521,4,12,8955015
3520,4,12,8982429
2201,4,2,7124436
995,2,10,3012815
2496,4,1,8491077
2508,4,1,8532838
1230,2,8,3511983
2504,4,1,8512359
1881,3,3,5913520
1217,2,8,3529454
1319,2,7,3780216
1214,2,8,3490038
1616,3,6,4862680
1994,4,3,6456982
980,2,10,3080792
3482,4,12,9086371
1166,2,8,3545012
2505,4,1,8441365
1198,2,8,3369273
3491,4,12,9064508
1538,3,6,4806660
1574,3,6,4755442
2024,4,3,6570172
2186,4,2,7148484
2508,4,1,8474638
1571,3,6,4831385
1930,3,3,5933414
997,2,10,2993454
1306,2,7,3865124
1249,2,8,3512623
1832,3,4,5574588
1894,3,3,6067782
1488,3,5,4500463
1593,3,6,4660278
2211,4,2,7133882
1498,3,5,4545643
1792,3,4,5407305
2231,4,2,7180466
1598,3,6,4820239
2548,4,1,8587871
3502,4,12,8965617
1938,3,3,5961523
1608,3,6,4796864
2520,4,1,8520982
1785,3,4,5490777
1982,4,3,6562740
1210,2,8,3452216
2021,4,3,6507185
3501,4,12,9026621
1973,4,3,6476069
1171,2,8,3550209
1270,2,7,3808907
3463,4,12,9047168
1902,3,3,6011606
1824,3,4,5522507
2000,4,3,6462187
2152,4,2,7162284
1496,3,5,4573211
1497,3,5,4538000
1544,3,5,4438833
3469,4,12,9010814
1592,3,6,4658063
1936,3,3,5965682
1609,3,6,4857463
3512,4,12,8992517
1202,2,8,3507050
1907,3,3,5819639
1016,2,10,2976546
2183,4,2,7220227
2518,4,1,8527821
1771,3,4,5557543
1207,2,8,3487428
1504,3,5,4490095
1887,3,3,5920348
1800,3,4,5487771
1787,3,4,5424566
3477,4,12,8889509
1193,2,8,3435113
3477,4,12,9090210
3507,4,12,8983822
2476,4,1,8513147
1215,2,8,3469296
1175,2,8,3392936
1788,3,4,5555974
2487,4,1,8370116
1228,2,8,3466827
2207,4,2,7196734
1196,2,8,3513782
2211,4,2,7156562
956,2,10,2890101
1299,2,7,3752100
1042,2,10,2955229
1503,3,5,4453774
1201,2,8,3558003
1912,3,3,5927434
1019,2,10,3017997
1958,4,3,6509465
2465,4,1,8557429
2204,4,2,7192040
1285,2,7,3847305
1628,3,6,4789702
1993,4,3,6525974
1859,3,3,5910134
1773,3,4,5342247
3442,4,12,9022575
2195,4,2,7225782
1596,3,6,4828432
1891,3,3,5968612
1623,3,6,4889076
1925,3,3,5972502
2196,4,2,7225166
955,2,10,3035556
2213,4,2,7302770
1212,2,8,3481044
1907,3,3,5960943
1521,3,5,4410420
1475,3,5,4592822
1542,3,5,4525198
1280,2,7,3827090
2516,4,1,8686359
3464,4,12,9019436
1980,4,3,6422129
1832,3,4,5488286
995,2,10,2941714
1018,2,10,2976330
2005,4,3,6475928
3498,4,12,8964900
2229,4,2,7116690
1895,3,3,6095222
1163,2,8,3517869
1183,2,8,3486518
1912,3,3,6045302
1208,2,8,3528167
967,2,10,3016485
1985,4,3,6540959
3488,4,12,9008008
1292,2,7,3840075
1171,2,8,3545031
1887,3,3,6009730
1885,3,3,5986822
1616,3,6,4891508
1917,3,3,5971424
1497,3,5,4523398
3492,4,12,9024749
1803,3,4,5463552
1583,3,6,4751697
2476,4,1,8478842
1580,3,6,4770569
2487,4,1,8412813
1276,2,7,3761045
2503,4,1,8515918
1615,3,6,4875695
1567,3,6,4833149
1201,2,8,3344564
1895,3,3,6038346
2207,4,2,7166626
1800,3,4,5527091
2169,4,2,7199155
3473,4,12,8988478
1901,3,3,5993887
1922,3,3,5998659
2153,4,2,7280387
1607,3,6,4798824
2025,4,3,6564908
1297,2,7,3856200
1312,2,7,3839885
1485,3,5,4393171
1497,3,5,4566768
966,2,10,2972620
1151,2,8,3542796
2020,4,3,6441849
2179,4,2,7129140
1190,2,8,3618176
1971,4,3,6442778
2470,4,1,8568530
1496,3,5,4507081
1785,3,4,5474879
2008,4,3,6497320
2210,4,2,7122203
2007,4,3,6499178
1605,3,6,4735259
1833,3,4,5476355
1978,4,3,6555327
1999,4,3,6515199
1524,3,5,4411375
1327,2,7,3850914
1470,3,5,4499575
1793,3,4,5467581
1629,3,6,4844647
3511,4,12,8990002
1304,2,7,3730301
3495,4,12,9110487
1892,3,3,5998966
2206,4,2,7195134
1595,3,6,4775777
1799,3,4,5570555
2202,4,2,7168616
2186,4,2,7107620
3511,4,12,8959419
1961,3,3,6079333
2163,4,2,7249756
1307,2,7,3784752
1484,3,5,4582112
1612,3,6,4844722
2501,4,1,8484060
2216,4,2,7190080
1625,3,6,4819691
2504,4,1,8450258
1024,2,10,3000269
1751,3,4,5518447
1233,2,8,3399130
1608,3,6,4788680
1023,2,10,2981879
1474,3,5,4561472
2483,4,1,8389711
1303,2,7,3777188
2200,4,2,7171194
1906,3,3,6057406
3523,4,12,8997396
1163,2,8,3607395
3521,4,12,9039596
2500,4,1,8475471
2496,4,1,8514330
1169,2,8,3478829
2511,4,1,8551387
1249,2,7,3720343
2514,4,1,8450748
969,2,10,3027247
2201,4,2,7273293
3497,4,12,8868336
1325,2,7,3882185
1196,2,8,3491621
3485,4,12,8887356
3489,4,12,8820515
1227,2,8,3408552
1611,3,6,4798822
1992,4,3,6496060
2495,4,1,8537861
1967,4,3,6467144
1608,3,6,4733746
3463,4,12,8975300
1616,3,6,4802010
3503,4,12,9013799
3550,4,12,8952813
977,2,10,3053901
1498,3,5,4462844
1338,2,7,3747996
2525,4,1,8467568
985,2,10,3064269
1205,2,8,3492060
2200,4,2,7158472
2506,4,1,8555375
1185,2,8,3628123
1198,2,8,3512538
1166,2,8,3573776
2503,4,1,8561951
1009,2,10,2963787
2495,4,1,8501593
2166,4,2,7123312
2221,4,2,7187746
1308,2,7,3762558
2185,4,2,7175910
1594,3,6,4755161
1568,3,6,4782833
3478,4,12,9031824
1589,3,6,4792855
2226,4,2,7088522
2187,4,2,7155387
1513,3,5,4409149
2489,4,1,8514593
1205,2,8,3530095
3497,4,12,9015340
1918,3,3,5952918
1189,2,8,3514760
1567,3,6,4771890
1171,2,8,3431941
1289,2,7,3844363
974,2,10,3048913
2209,4,2,7256738
1290,2,7,3763625
1650,3,6,4870518
1963,4,3,6470487
3504,4,12,9039075
1576,3,6,4769451
1490,3,5,4486607
1303,2,7,3655229
1551,3,6,4781947
1805,3,4,5505447
1640,3,6,4775482
1890,3,3,6105009
1605,3,6,4730492
1622,3,6,4766301
2497,4,1,8445894
1488,3,5,4466290
1552,3,6,4861672
2013,4,3,6588377
2198,4,2,7158097
1779,3,4,5456769
1803,3,4,5430811
1188,2,8,3578108
3489,4,12,9067029
1213,2,8,3493663
972,2,10,2916522
3522,4,12,8921870
2471,4,1,8510203
1986,4,3,6532847
1640,3,6,4676457
2024,4,3,6480788
1202,2,8,3596764
1580,3,6,4786994
1189,2,8,3589071
2502,4,1,8538809
3501,4,12,8935167
3498,4,12,8982500
1799,3,4,5492305
1595,3,6,4743046
2470,4,1,8442008
2189,4,2,7290095
1219,2,8,3441560
1971,4,3,6564484
1296,2,7,3773901
3483,4,12,8998467
1002,2,10,3033595
1292,2,7,3764210
1931,3,3,6033957
3511,4,12,8877636
1972,4,3,6526292
1214,2,8,3352397
1484,3,5,4486436
1888,3,3,6051078
1907,3,3,6037209
1290,2,7,3722363
1219,2,8,3430061
1184,2,8,3458822
2187,4,2,7211135
2486,4,1,8378503
988,2,10,2999209
1323,2,7,3818622
2213,4,2,7183076
1036,2,10,3031411
1248,2,8,3513377
1978,4,3,6467612
1301,2,7,3684228
1875,3,3,6007977
1984,4,3,6443012
1787,3,4,5465419
3478,4,12,9028649
2178,4,2,7284748
1797,3,4,5497724
1974,4,3,6533130
1018,2,10,2913629
1781,3,4,5514681
2259,4,2,7196418
3490,4,12,9073500
1602,3,6,4767684
1573,3,6,4785552
2236,4,2,7263310
1224,2,8,3494497
2006,4,3,6433698
3472,4,12,9152572
1004,2,10,2935507
1876,3,3,5996131
1331,2,7,3820730
1817,3,4,5516002
1602,3,6,4788655
1849,3,3,5988952
979,2,10,2985953
1214,2,8,3433274
1326,2,7,3928570
3523,4,12,8986846
966,2,10,3035693
1306,2,7,3779990
1221,2,8,3478787
1265,2,7,3772767
2500,4,1,8407329
1006,2,10,2990396
1294,2,7,3775663
1861,3,3,6070050
1893,3,3,5928445
993,2,10,2965490
1497,3,5,4446279
1488,3,5,4586254
1991,4,3,6448015
1199,2,8,3533622
1909,3,3,6058010
1594,3,6,4791263
1591,3,6,4717675
1502,3,5,4418432
960,2,10,3051409
3510,4,12,8924624
1800,3,4,5523441
1301,2,7,3806837
3520,4,12,9022550
959,2,10,3028198
958,2,10,2944172
1006,2,10,2941670
1200,2,8,3542748
1004,2,10,2962369
1890,3,3,5835558
2514,4,1,8538792
3520,4,12,8938038
1610,3,6,4827932
3495,4,12,9083282
1456,3,5,4501002
1816,3,4,5559541
1926,3,3,6009196
1514,3,5,4594918
981,2,10,2936493
1314,2,7,3799509
1618,3,6,4840251
3533,4,12,8988615
3482,4,12,9068895
1195,2,8,3474167
1616,3,6,4923735
1901,3,3,6126894
1276,2,7,3816866
1909,3,3,6033042
1912,3,3,6071254
2002,4,3,6429013
1005,2,10,2921551
2195,4,2,7275126
1531,3,5,4516383
1181,2,8,3486456
1188,2,8,3500665
1300,2,7,3657330
2219,4,2,7188606
2168,4,2,7154973
1572,3,6,4854895
2457,4,1,8559497
2501,4,1,8534482
976,2,10,3023646
1892,3,3,5910468
2014,4,3,6535317
1186,2,8,3537634
1605,3,6,4874455
1594,3,6,4926656
1014,2,10,2898795
1510,3,5,4476772
985,2,10,2955617
1496,3,5,4510315
1222,2,8,3500801
1308,2,7,3786003
2171,4,2,7261444
3514,4,12,8934142
1577,3,6,4737747
2530,4,1,8438758
2222,4,2,7178455
1006,2,10,2926538
1003,2,10,2997096
2496,4,1,8490105
1014,2,10,2952971
992,2,10,3052246
1505,3,5,4496442
1918,3,3,6063540
2188,4,2,7188337
1287,2,7,3798553
1975,4,3,6466349
1178,2,8,3499579
1962,4,3,6542587
1215,2,8,3475405
1638,3,6,4830998
1530,3,5,4451403
1966,4,3,6545386
3515,4,12,8965325
2530,4,1,8550925
2190,4,2,7203646
2202,4,2,7290944
1558,3,6,4730994
1506,3,5,4411734
1278,2,7,3763154
1904,3,3,5917209
2467,4,1,8417321
2011,4,3,6537165
1222,2,8,3499750
1484,3,5,4471318
3476,4,12,8976862
2155,4,2,7164289
1794,3,4,5598682
1988,4,3,6456021
2467,4,1,8420945
2210,4,2,7247599
1291,2,7,3787099
1477,3,5,4621906
1288,2,7,3768536
2023,4,3,6550585
3513,4,12,9064709
1197,2,8,3468827
1213,2,8,3455578
2176,4,2,7244329
2201,4,2,7234375
1303,2,7,3715654
1990,4,3,6432527
3509,4,12,8848337
2184,4,2,7235600
1211,2,8,3484344
1212,2,8,3490304
3439,4,12,8898862
1225,2,8,3434340
3436,4,12,8971421
1787,3,4,5459799
1222,2,8,3507046
1793,3,4,5534888
2469,4,1,8635709
1977,4,3,6498803
1622,3,6,4866694
2460,4,1,8450373
2024,4,3,6399849
2499,4,1,8478935
3475,4,12,8904466
1988,4,3,6500877
1179,2,8,3453334
2018,4,3,6383147
1915,3,3,6103803
1464,3,5,4467857
3492,4,12,8902081
2482,4,1,8553705
2527,4,1,8456433
1772,3,4,5565185
3534,4,12,8956148
999,2,10,2967658
1776,3,4,5520619
1986,4,3,6535471
2183,4,2,7245951
2173,4,2,7194634
1202,2,8,3531608
1474,3,5,4544584
1154,2,8,3511993
2492,4,1,8491470
1762,3,4,5413580
2484,4,1,8535827
2481,4,1,8502522
1282,2,7,3775268
2542,4,1,8576402
1301,2,7,3714624
2505,4,1,8598303
1263,2,7,3798668
2486,4,1,8518986
1805,3,4,5476379
1478,3,5,4400319
1619,3,6,4791652
1775,3,4,5520016
2494,4,1,8540434
1488,3,5,4488159
2003,4,3,6368900
2187,4,2,7107818
2494,4,1,8622698
2195,4,2,7134673
1785,3,4,5585329
3510,4,12,8944147
2205,4,2,7189090
1598,3,6,4837384
1591,3,6,4750958
2517,4,1,8595204
1895,3,3,6004528
1194,2,8,3527556
3502,4,12,8983999
1936,3,3,6039387
2172,4,2,7294402
1616,3,6,4792150
2160,4,2,7303426
1505,3,5,4463430
1633,3,6,4845688
1510,3,5,4529246
1804,3,4,5436105
2188,4,2,7212784
1901,3,3,6000440
1995,4,3,6448984
2183,4,2,7221406
994,2,10,3008747
1204,2,8,3495660
984,2,10,2995899
983,2,10,2994618
1871,3,3,5978014
1908,3,3,6008361
1911,3,3,5961498
1005,2,10,3158861
1020,2,10,2915731
1802,3,4,5465036
2508,4,1,8469760
1806,3,4,5622009
2198,4,2,7121064
1189,2,8,3525467
1647,3,6,4814852
1790,3,4,5519947
986,2,10,3073926
1609,3,6,4872699
1905,3,3,5973036
970,2,10,3011601
2024,4,3,6388538
1898,3,3,6005925
1277,2,7,3752524
1925,3,3,5988855
2013,4,3,6399225
1973,4,3,6524209
1337,2,7,3698556
1214,2,8,3508866
1500,3,5,4426663
2533,4,1,8449197
1303,2,7,3869046
1199,2,8,3535154
2186,4,2,7268715
2012,4,3,6593262
2210,4,2,7153789
3500,4,12,9089629
983,2,10,2912372
3503,4,12,9044612
1999,4,3,6470501
1572,3,6,4744374
1969,4,3,6536741
1812,3,4,5556502
1545,3,6,4854727
1304,2,7,3812847
1190,2,8,3507890
1328,2,7,3831503
1590,3,6,4818163
2014,4,3,6532370
3492,4,12,9012198
1302,2,7,3850393
1816,3,4,5402703
990,2,10,2992151
1321,2,7,3717255
1479,3,5,4516545
1606,3,6,4898177
2219,4,2,7171653
2214,4,2,7207609
1240,2,8,3545233
1284,2,7,3676363
1171,2,8,3468781
1979,4,3,6521796
1914,3,3,5826778
3510,4,12,8941593
3502,4,12,9065824
3476,4,12,9059973
2516,4,1,8522382
1474,3,5,4552750
1924,3,3,6012862
1660,3,6,4833209
3508,4,12,8981126
1312,2,7,3806925
1190,2,8,3462188
2162,4,2,7275548
1987,4,3,6590980
1877,3,3,6082510
1970,4,3,6475598
1836,3,4,5442970
1006,2,10,3076355
1908,3,3,6032522
1593,3,6,4819647
996,2,10,2962113
2020,4,3,6525452
2199,4,2,7135107
2211,4,2,7237913
3496,4,12,9082449
1193,2,8,3597526
1770,3,4,5542365
1158,2,8,3417364
1494,3,5,4511799
1901,3,3,6127940
3473,4,12,8948062
999,2,10,2996461
2501,4,1,8584520
1455,3,5,4536901
1481,3,5,4648298
1809,3,4,5456179
1508,3,5,4440819
2176,4,2,7273195
3503,4,12,8928494
2522,4,1,8488235
1316,2,7,3796075
2198,4,2,7261946
990,2,10,3036729
987,2,10,3027330
1510,3,5,4475937
1504,3,5,4572650
1913,3,3,6240719
1903,3,3,6041334
1917,3,3,6005960
1302,2,7,3722396
2517,4,1,8461883
1318,2,7,3787221
1983,4,3,6468034
1262,2,7,3799039
1632,3,6,4906314
1605,3,6,4874573
2464,4,1,8490503
985,2,10,2927752
1316,2,7,3879966
1994,4,3,6497067
1589,3,6,4696766
2229,4,2,7242599
1878,3,3,6061330
1783,3,4,5354946
3504,4,12,8950697
1908,3,3,5993396
1810,3,4,5543919
2219,4,2,7169162
2204,4,2,7150243
1610,3,6,4843480
1295,2,7,3771997
1901,3,3,6032411
2002,4,3,6433538
2205,4,2,7119139
2016,4,3,6545160
3512,4,12,9015099
1801,3,4,5555157
2483,4,1,8468154
1201,2,8,3452458
1899,3,3,6081362
2004,4,3,6408937
1846,3,4,5574830
2489,4,1,8578958
2209,4,2,7251428
1922,3,3,5958873
2202,4,2,7151177
2249,4,2,7187440
1192,2,8,3422565
1007,2,10,2942497
1983,4,3,6538551
3493,4,12,9038827
3505,4,12,8937242
2518,4,1,8540428
2507,4,1,8527164
2027,4,3,6590282
1198,2,8,3534031
993,2,10,3063297
1857,3,4,5528526
1808,3,4,5558594
1485,3,5,4423038
1485,3,5,4492720
980,2,10,2997669
2520,4,1,8485425
3492,4,12,9026542
1303,2,7,3837932
1999,4,3,6523455
2015,4,3,6489420
1782,3,4,5456008
1177,2,8,3565605
2505,4,1,8520912
2513,4,1,8439093
1007,2,10,2988419
1983,4,3,6395762
1814,3,4,5502115
1184,2,8,3488138
1289,2,7,3765650
2180,4,2,7294749
2527,4,1,8430869
1313,2,7,3842238
3513,4,12,9130751
1626,3,6,4864414
2559,4,1,8498114
1864,3,3,5932190
2184,4,2,7118557
3487,4,12,8975392
1582,3,6,4758922
1277,2,7,3756976
1894,3,3,5980488
2174,4,2,7193886
1307,2,7,3829013
1801,3,4,5425988
3510,4,12,8959206
2511,4,1,8490453
1613,3,6,4788311
2192,4,2,7309807
1945,3,3,6013887
1005,2,10,2903517
1161,2,8,3525005
2179,4,2,7232627
1563,3,6,4792518
1600,3,6,4727446
1997,4,3,6605121
1290,2,7,3736028
2542,4,1,8539510
3512,4,12,9011962
1315,2,7,3835925
1980,4,3,6602059
3479,4,12,9033582
1201,2,8,3466595
3504,4,12,9066131
1161,2,8,3462264
1796,3,4,5509780
1900,3,3,5922682
1595,3,6,4738216
3483,4,12,9003073
1589,3,6,4822009
1296,2,7,3698208
1802,3,4,5529735
1013,2,10,2951003
1223,2,8,3576517
1794,3,4,5478955
990,2,10,2932814
2209,4,2,7204533
1613,3,6,4745215
3491,4,12,9075875
2217,4,2,7200032
1921,3,3,5990931
3527,4,12,9035386
1937,3,3,5939910
2182,4,2,7122917
1800,3,4,5524417
3500,4,12,8934247
1498,3,5,4434226
1986,4,3,6550033
969,2,10,3031396
1602,3,6,4725029
1284,2,7,3762980
1002,2,10,2945963
1483,3,5,4606213
2477,4,1,8554174
2205,4,2,7174836
1603,3,6,4834453
1512,3,5,4418909
3546,4,12,8959780
2006,4,3,6506270
1910,3,3,6027041
1477,3,5,4494173
973,2,10,3014830
1033,2,10,3004684
1981,4,3,6490219
3478,4,12,8982292
999,2,10,2974512
1998,4,3,6513868
1181,2,8,3524564
3494,4,12,9011861
1326,2,7,3729527
1583,3,6,4740270
1271,2,7,3823851
1320,2,7,3887997
1610,3,6,4809113
987,2,10,2975385
1867,3,3,6013414
1584,3,6,4732025
1599,3,6,4878267
2025,4,3,6511157
1578,3,6,4759971
1998,4,3,6490027
1014,2,10,2968487
1850,3,3,6078430
1522,3,5,4487907
1175,2,8,3509290
2507,4,1,8534305
1505,3,5,4455707
1923,3,3,6011583
2012,4,3,6516410
950,2,10,2907076
3483,4,12,9015110
2203,4,2,7197264
1496,3,5,4507771
1310,2,7,3802130
2217,4,2,7215497
1013,2,10,3079965
1595,3,6,4729473
1961,4,3,6479541
1290,2,7,3839860
1909,3,3,6028756
2477,4,1,8527470
1313,2,7,3964647
1519,3,5,4536721
1503,3,5,4567623
1935,4,3,6481639
1873,3,3,5940630
2240,4,2,7181206
1788,3,4,5542571
1558,3,6,4824326
1926,3,3,6024112
1900,3,3,5987184
1823,3,4,5477649
1306,2,7,3789246
2510,4,1,8543319
2008,4,3,6550270
2015,4,3,6439833
1248,2,8,3545583
1820,3,4,5461091
2467,4,1,8528039
1909,3,3,5988522
1924,3,3,6093624
1525,3,5,4475002
1291,2,7,3810680
1025,2,10,3036270
1320,2,7,3747743
1854,3,4,5495644
1984,4,3,6484060
1289,2,7,3769277
1994,4,3,6473707
1590,3,6,4866492
2181,4,2,7164210
3442,4,12,9033868
1291,2,7,3818811
1808,3,4,5416469
1590,3,6,4831043
2041,4,3,6415481
2200,4,2,7237556
1227,2,8,3469673
1206,2,8,3500500
2517,4,1,8422610
1506,3,5,4507318
3529,4,12,9055426
1901,3,3,5951749
1310,2,7,3763695
1608,3,6,4827183
2494,4,1,8528678
1009,2,10,2854451
2047,4,3,6620509
2194,4,2,7231604
3509,4,12,9041671
1526,3,5,4491417
2224,4,2,7089061
1800,3,4,5540344
1150,2,8,3466205
1211,2,8,3532524
1953,4,3,6486917
1031,2,10,3014233
1004,2,10,2953660
1821,3,4,5551685
1481,3,5,4428942
2467,4,1,8634271
1005,2,10,3133815
1799,3,4,5597625
1990,4,3,6576266
3502,4,12,8994945
2558,4,1,8569752
1918,3,3,5994249
1822,3,4,5407109
2018,4,3,6589882
2031,4,3,6567497
1896,3,3,5998126
3457,4,12,8926742
3496,4,12,8964949
1617,3,6,4691107
2180,4,2,7256510
2196,4,2,7104132
3485,4,12,9017151
1832,3,4,5449552
1816,3,4,5414692
1914,3,3,6014252
2013,4,3,6480041
1499,3,5,4550118
2504,4,1,8424205
1775,3,4,5454717
1854,3,3,5857234
1903,3,3,5869390
1807,3,4,5607521
2225,4,2,7324586
3533,4,12,9005544
1633,3,6,4750740
1479,3,5,4482155
2493,4,1,8552234
2510,4,1,8469243
1353,2,7,3814209
1031,2,10,2999237
1824,3,4,5465989
1892,3,3,5968537
1481,3,5,4517539
1817,3,4,5441588
1777,3,4,5527011
1195,2,8,3471803
1198,2,8,3507616
1834,3,4,5582752
1893,3,3,5989943
949,2,10,3054999
1811,3,4,5392848
985,2,10,2971875
2501,4,1,8501656
1498,3,5,4615003
1594,3,6,4682807
2517,4,1,8494247
1568,3,6,4887101
2489,4,1,8453061
2014,4,3,6487274
1887,3,3,6019836
2166,4,2,7211032
3514,4,12,9093623
3524,4,12,9026816
2499,4,1,8579393
1259,2,7,3778474
1515,3,5,4455721
1565,3,6,4786503
1307,2,7,3730693
1881,3,3,6028911
1476,3,5,4476927
1591,3,6,4759831
2196,4,2,7229817
1486,3,5,4431613
1212,2,8,3546071
2491,4,1,8471398
1821,3,4,5569307
1206,2,8,3476517
1985,4,3,6537784
1282,2,7,3810737
1765,3,4,5544481
3506,4,12,9006574
1593,3,6,4700539
2150,4,2,7260320
3489,4,12,8994757
1981,4,3,6547208
1233,2,8,3541272
964,2,10,2953762
3470,4,12,8945301
3523,4,12,9039186
1629,3,6,4781868
1184,2,8,3555993
1787,3,4,5489345
1013,2,10,3061193
951,2,10,3025311
1461,3,5,4517219
2494,4,1,8477636
1033,2,10,3013898
3491,4,12,9071325
2202,4,2,7196758
1524,3,5,4531761
2244,4,2,7202772
1588,3,6,4807451
1800,3,4,5603049
1038,2,10,3071856
968,2,10,3004748
1922,3,3,6012823
1179,2,8,3458033
2502,4,1,8489657
1995,4,3,6518500
1580,3,6,4850861
979,2,10,3044799
1906,3,3,5933673
1321,2,7,3858417
1997,4,3,6494692
1501,3,5,4440984
3512,4,12,9079907
1780,3,4,5587495
2216,4,2,7215770
2017,4,3,6542381
1555,3,5,4545889
1992,4,3,6583458
1190,2,8,3543534
1016,2,10,2920613
1817,3,4,5620174
1189,2,8,3563720
1992,4,3,6469534
1911,3,3,5938435
1183,2,8,3530185
991,2,10,2983362
1202,2,8,3519732
2221,4,2,7244451
1787,3,4,5466130
2161,4,2,7133264
960,2,10,3023070
1773,3,4,5468107
1972,4,3,6508736
1997,4,3,6419677
2475,4,1,8484921
1585,3,6,4842750
2184,4,2,7236231
1891,3,3,5952861
2228,4,2,7130145
1514,3,5,4500943
1500,3,5,4533546
1790,3,4,5524227
2491,4,1,8469376
1507,3,5,4517808
3512,4,12,9089831
2181,4,2,7212266
1901,3,3,5902348
1257,2,7,3812150
1804,3,4,5622216
1516,3,5,4423022
1594,3,6,4801777
1838,3,4,5486467
1481,3,5,4505733
3505,4,12,9011615
2199,4,2,7268163
998,2,10,3005070
2198,4,2,7276372
2202,4,2,7192965
1918,3,3,5979064
1329,2,7,3759987
1500,3,5,4391350
1217,2,8,3516490
2485,4,1,8622816
1016,2,10,3027400
1784,3,4,5541063
1223,2,8,3475303
1047,2,10,2985390
3497,4,12,9058875
954,2,10,3120107
988,2,10,3088970
3526,4,12,9048149
1512,3,5,4502102
1605,3,6,4812540
1021,2,10,2954945
1210,2,8,3413409
1226,2,8,3432625
1319,2,7,3802978
2532,4,1,8482541
2208,4,2,7112137
1519,3,5,4497768
994,2,10,2980960
2487,4,1,8429871
1536,3,5,4477866
2505,4,1,8480809
1317,2,7,3763129
1903,3,3,6055409
2188,4,2,7086218
1000,2,10,2881262
1830,3,4,5500196
1912,3,3,6005748
2164,4,2,7224170
2495,4,1,8467773
2238,4,2,7145114
1195,2,8,3499563
1862,3,3,5973596
1640,3,6,4892744
3514,4,12,8980613
1899,3,3,5996820
1792,3,4,5648014
1523,3,5,4488355
1489,3,5,4533255
3524,4,12,9038645
2511,4,1,8543733
2005,4,3,6517310
3503,4,12,9011590
2496,4,1,8505999
3522,4,12,8965559
3482,4,12,9019464
966,2,10,3121300
1813,3,4,5572391
1613,3,6,4818172
1610,3,6,4851173
1209,2,8,3448029
1793,3,4,5484423
2517,4,1,8556675
1599,3,6,4888923
1190,2,8,3453907
2493,4,1,8471084
1843,3,4,5630433
1463,3,5,4505756
2211,4,2,7309026
1965,4,3,6512369
2498,4,1,8514720
1791,3,4,5481734
1856,3,3,6056359
1008,2,10,3081187
1892,3,3,5938113
956,2,10,2978926
1618,3,6,4854716
1830,3,4,5492254
2031,4,3,6470499
1008,2,10,3060364
1301,2,7,3865980
1228,2,8,3473114
1335,2,7,3812698
1324,2,7,3727741
1880,3,3,5946456
1304,2,7,3807424
1809,3,4,5501878
1562,3,6,4742187
1910,3,3,5957189
1848,3,4,5436317
1213,2,8,3527210
1931,3,3,5882348
1204,2,8,3439514
2498,4,1,8388608
1508,3,5,4525055
1183,2,8,3392208
1580,3,6,4801897
1227,2,8,3598033
1329,2,7,3900061
1279,2,7,3692018
1020,2,10,3017843
1198,2,8,3440866
1607,3,6,4728658
2210,4,2,7193215
1221,2,8,3573444
3502,4,12,9035856
1530,3,5,4457239
1007,2,10,3042157
3513,4,12,8865840
982,2,10,2954979
2545,4,1,8450736
3510,4,12,9004683
2515,4,1,8487872
2466,4,1,8491541
1983,4,3,6489553
1226,2,8,3501340
2506,4,1,8532296
1860,3,3,6008929
1222,2,8,3482998
1889,3,3,6024022
2030,4,3,6549397
2198,4,2,7166753
1204,2,8,3496448
2525,4,1,8569475
1481,3,5,4434062
1779,3,4,5607910
1296,2,7,3719927
1017,2,10,2979349
1972,4,3,6443185
2465,4,1,8630824
1217,2,8,3469903
1787,3,4,5470053
1792,3,4,5477832
1261,2,7,3805716
3486,4,12,8980361
1900,3,3,5992054
1520,3,5,4288975
984,2,10,3003418
1035,2,10,3001065
2486,4,1,8562100
1186,2,8,3578274
1532,3,5,4488776
1904,3,3,6048805
1888,3,3,5934133
1897,3,3,6045882
1528,3,5,4465770
2531,4,1,8429163
2483,4,1,8488903
1499,3,5,4583739
2502,4,1,8510823
2179,4,2,7289481
1999,4,3,6455230
1600,3,6,4862655
1324,2,7,3761005
2225,4,2,7213473
1293,2,7,3812956
1595,3,6,4839553
2514,4,1,8514993
1488,3,5,4455801
1612,3,6,4852637
1298,2,7,3903542
3480,4,12,8965092
1180,2,8,3390265
2030,4,3,6529856
3497,4,12,8980197
2235,4,2,7192161
3489,4,12,9033256
1006,2,10,2972711
1050,2,10,2983924
1578,3,6,4794013
1760,3,4,5587882
2227,4,2,7201798
1983,4,3,6426114
2000,4,3,6428494
3488,4,12,9008325
1206,2,8,3432467
1580,3,6,4706584
1896,3,3,6038001
1309,2,7,3840929
1979,4,3,6477988
1185,2,8,3517559
1293,2,7,3811248
2170,4,2,7236021
1191,2,8,3536160
1803,3,4,5344190
3492,4,12,8985620
1494,3,5,4530967
1200,2,8,3475457
1286,2,7,3802165
1515,3,5,4544887
3530,4,12,9004839
1890,3,3,6090164
3510,4,12,9067387
3495,4,12,8992911
1508,3,5,4488158
1533,3,5,4329568
1811,3,4,5480477
2163,4,2,7119083
1910,3,3,6013228
1626,3,6,4809141
1295,2,7,3841608
1921,3,3,6083512
1285,2,7,3798429
1969,4,3,6636355
2003,4,3,6513899
2163,4,2,7121657
995,2,10,2966392
1627,3,6,4777712
1260,2,7,3835405
1573,3,6,4743360
2178,4,2,7182183
1599,3,6,4790371
3492,4,12,8973205
2529,4,1,8548518
2020,4,3,6538347
1210,2,8,3569753
1603,3,6,4780207
1908,3,3,6071904
1282,2,7,3718442
1918,3,3,5916983
1877,3,3,5927422
1618,3,6,4800551
2225,4,2,7271895
1204,2,8,3463996
996,2,10,2971497
1508,3,5,4487083
1940,4,3,6534252
1606,3,6,4771441
2198,4,2,7168105
999,2,10,2919554
1515,3,5,4465815
3498,4,12,9070405
3476,4,12,9005437
1997,4,3,6455761
1601,3,6,4873914
1302,2,7,3765008
3503,4,12,9084904
1922,3,3,6083927
2477,4,1,8503349
2004,4,3,6410396
2527,4,1,8636898
1763,3,4,5523157
1804,3,4,5480634
2488,4,1,8557170
2492,4,1,8541993
2481,4,1,8578386
1996,4,3,6460396
2039,4,3,6519043
973,2,10,2929092
2475,4,1,8539843
2473,4,1,8498628
3536,4,12,9016803
2190,4,2,7191249
2199,4,2,7184992
992,2,10,2948085
1480,3,5,4547263
1795,3,4,5589075
2052,4,3,6466715
1829,3,4,5533098
1982,4,3,6525842
1614,3,6,4800484
1182,2,8,3408719
1763,3,4,5422173
1221,2,8,3453302
1824,3,4,5372101
1322,2,7,3884191
990,2,10,3021986
1796,3,4,5498209
1016,2,10,2869038
3508,4,12,8890944
1292,2,7,3799860
1466,3,5,4617823
1502,3,5,4458225
1223,2,8,3551650
2175,4,2,7171305
1613,3,6,4803303
2507,4,1,8572630
1916,3,3,5979314
1818,3,4,5458736
1785,3,4,5584792
2166,4,2,7202724
1489,3,5,4565247
3519,4,12,8959026
1489,3,5,4584110
2185,4,2,7216361
2162,4,2,7225998
1037,2,10,3007871
2217,4,2,7169776
2216,4,2,7199899
1520,3,5,4473536
1212,2,8,3557375
995,2,10,2987858
997,2,10,2910518
2191,4,2,7099581
1055,2,10,2896753
3512,4,12,9036951
1490,3,5,4431147
1310,2,7,3817943
1279,2,7,3808166
2232,4,2,7196131
1886,3,3,6026214
1211,2,8,3509466
1522,3,5,4337975
1508,3,5,4480649
1202,2,8,3525419
1800,3,4,5598079
1799,3,4,5600840
1588,3,6,4718492
1791,3,4,5479089
1931,3,3,5906356
1598,3,6,4890880
1883,3,3,6060562
1189,2,8,3520963
3523,4,12,9009931
2514,4,1,8582553
3512,4,12,9072430
1795,3,4,5569244
3512,4,12,9027307
2486,4,1,8479118
995,2,10,3045869
2020,4,3,6548794
1218,2,8,3488601
3479,4,12,8978998
1782,3,4,5567765
1502,3,5,4599504
2536,4,1,8455191
1960,4,3,6484252
1206,2,8,3520984
1571,3,6,4829096
1887,3,3,5968766
1592,3,6,4912623
2491,4,1,8525239
1989,4,3,6531773
2200,4,2,7305170
2189,4,2,7173149
1169,2,8,3494712
1016,2,10,2925059
1516,3,5,4489695
2018,4,3,6410971
1168,2,8,3544717
1206,2,8,3525113
1914,3,3,5983433
1978,4,3,6493995
2500,4,1,8545531
2198,4,2,7132087
1639,3,6,4812208
1641,3,6,4841826
1765,3,4,5393431
1953,3,3,6040955
1981,4,3,6399902
1921,3,3,5992969
2020,4,3,6430436
1179,2,8,3585580
1610,3,6,4730811
998,2,10,2901329
1612,3,6,4807974
1005,2,10,2975263
1525,3,5,4410034
2502,4,1,8531440
3496,4,12,8880921
2023,4,3,6438039
1212,2,8,3465606
1515,3,5,4547968
1886,3,3,6077461
1278,2,7,3865939
1188,2,8,3490835
1987,4,3,6354862
1517,3,5,4523371
1221,2,8,3587931
1897,3,3,6073773
2530,4,1,8527681
1229,2,8,3428875
1305,2,7,3768590
1983,4,3,6615630
1033,2,10,2915288
1999,4,3,6431366
1503,3,5,4556359
1493,3,5,4474219
1881,3,3,5929338
1269,2,7,3891363
1213,2,8,3527568
1884,3,3,5977171
2564,4,1,8431490
1877,3,3,6122422
1574,3,6,4798538
1811,3,4,5583551
2232,4,2,7253434
2201,4,2,7168853
1312,2,7,3769329
1461,3,5,4586481
1786,3,4,5587449
1477,3,5,4387772
1760,3,4,5532873
1202,2,8,3492752
953,2,10,2938214
3472,4,12,9015651
989,2,10,2919303
1882,3,3,5972109
1008,2,10,2952256
1606,3,6,4770116
1819,3,4,5495726
2216,4,2,7139275
1824,3,4,5594066
2200,4,2,7229495
2006,4,3,6607304
2211,4,2,7190428
2003,4,3,6467186
2192,4,2,7305142
1893,3,3,5965436
1983,4,3,6489339
1809,3,4,5543054
1198,2,8,3425992
1786,3,4,5542531
1186,2,8,3534881
1475,3,5,4575898
3521,4,12,9053219
1002,2,10,3077731
2182,4,2,7193397
1917,3,3,5948418
3488,4,12,9126164
1170,2,8,3408713
1222,2,8,3414703
1989,4,3,6533791
2491,4,1,8597164
3501,4,12,9011334
1524,3,5,4559752
1200,2,8,3380663
1475,3,5,4470130
1911,3,3,5887950
990,2,10,3046664
2040,4,3,6407485
1200,2,8,3423594
1153,2,8,3530735
3508,4,12,9063490
1041,2,10,2990495
1833,3,4,5534093
3539,4,12,9032156
2479,4,1,8487119
1019,2,10,2934543
2185,4,2,7233777
3505,4,12,9036659
1973,4,3,6553457
2186,4,2,7218660
2186,4,2,7130131
1319,2,7,3841278
1517,3,5,4499917
1906,3,3,5971135
3472,4,12,8982383
1193,2,8,3458727
1884,3,3,6053147
1618,3,6,4715206
1625,3,6,4740596
2022,4,3,6480341
2184,4,2,7296492
1842,3,3,6063039
1163,2,8,3401888
1930,3,3,6080802
3492,4,12,9080687
1284,2,7,3729802
1835,3,4,5349233
2527,4,1,8495682
1001,2,10,3067114
3494,4,12,9095147
1797,3,4,5447930
1005,2,10,3104757
1634,3,6,4666784
1309,2,7,3777993
2515,4,1,8475053
1025,2,10,3068903
1575,3,6,4877630
1316,2,7,3857057
1594,3,6,4719246
1847,3,3,6051579
1455,3,5,4530438
1479,3,5,4400071
3511,4,12,8876406
2202,4,2,7262065
2004,4,3,6489231
1841,3,4,5423154
1273,2,7,3787553
1599,3,6,4821767
1006,2,10,2995046
2484,4,1,8407201
3501,4,12,9112744
1766,3,4,5560046
1830,3,4,5479947
